{"cameraMode":{"drawMode":0,"name":"Shaded","section":"Shading Mode"},"sceneLighting":false,"audioPlay":false,"sceneViewState":{"showFog":true,"showMaterialUpdate":false,"showSkybox":false,"showFlares":true,"showImageEffects":true,"showParticleSystems":true},"in2DMode":false,"pivot":{"x":33.22570037841797,"y":-22.783803939819337,"z":5.3489179611206059},"rotation":{"x":0.14152655005455018,"y":-0.6409053802490234,"z":0.12178437411785126,"w":0.7446043491363525},"size":34.24925994873047,"orthographic":false}